year,discount,lombard,special_repo
1907,5.500,6.000,.
1908,3.500,4.000,.
1909,4.000,4.500,.
1910,4.500,5.000,.
1911,4.000,4.500,.
1912,5.000,5.500,.
1913,4.500,5.000,.
1914,5.000,5.500,.
1915,4.500,5.000,.
1916,4.500,5.000,.
1917,4.500,5.000,.
1918,5.500,6.000,.
1919,5.000,6.000,.
1920,5.000,6.000,.
1921,4.000,5.000,.
1922,3.000,4.000,.
1923,4.000,5.000,.
1924,4.000,5.000,.
1925,3.500,4.500,.
1926,3.500,4.500,.
1927,3.500,4.500,.
1928,3.500,4.500,.
1929,3.500,4.500,.
1930,2.500,3.500,.
1931,2.000,3.000,.
1932,2.000,3.000,.
1933,2.000,2.500,.
1934,2.000,2.500,.
1935,2.500,3.500,.
1936,1.500,2.500,.
1937,1.500,2.500,.
1938,1.500,2.500,.
1939,1.500,2.500,.
1940,1.500,2.500,.
1941,1.500,2.500,.
1942,1.500,2.500,.
1943,1.500,2.500,.
1944,1.500,2.500,.
1945,1.500,2.500,.
1946,1.500,2.500,.
1947,1.500,2.500,.
1948,1.500,2.500,.
1949,1.500,2.500,.
1950,1.500,2.500,.
1951,1.500,2.500,.
1952,1.500,2.500,.
1953,1.500,2.500,.
1954,1.500,2.500,.
1955,1.500,2.500,.
1956,1.500,2.500,.
1957,2.500,3.500,.
1958,2.500,3.500,.
1959,2.000,3.000,.
1960,2.000,3.000,.
1961,2.000,3.000,.
1962,2.000,3.000,.
1963,2.000,3.000,.
1964,2.500,3.500,.
1965,2.500,3.500,.
1966,3.500,4.000,.
1967,3.000,3.750,.
1968,3.000,3.750,.
1969,3.750,4.750,.
1970,3.750,4.750,.
1971,3.750,4.750,.
1972,3.750,4.750,.
1973,4.500,5.250,.
1974,5.500,6.000,.
1975,3.000,4.000,.
1976,2.000,3.000,.
1977,1.500,2.500,.
1978,1.000,2.000,.
1979,2.000,3.000,.
1980,3.000,4.000,.
1981,6.000,7.000,.
1982,4.500,6.000,.
1983,4.000,5.500,.
1984,4.000,5.500,.
1985,4.000,5.500,.
1986,4.000,5.500,.
1987,2.500,4.000,.
1988,3.500,5.500,.
1989,6.000,11.875,.
1990,6.000,11.000,.
1991,7.000,11.500,.
1992,6.000,8.500,.
1993,4.000,6.625,.
1994,3.500,6.250,.
1995,1.500,5.375,.
1996,1.000,5.250,.
1997,1.000,3.750,.
1998,1.000,4.500,.
1999,.,5.250,.
2000,.,5.875,.
2001,.,3.750,.
2002,.,2.750,.
2003,.,2.250,.
2004,.,2.510,2.510
2005,.,2.520,2.520
2006,.,.,3.680
