series_id,reference_period,value,source_snapshot_ids,publication_date,value_kind,revision_status
population,1861,2533077,"[""fso-population-long-2026-10-08-de6246ed2ccb5cdb""]",2026-08-20,reconstructed,final
population,1862,2554257,"[""fso-population-long-2026-10-08-de6246ed2ccb5cdb""]",2026-08-20,reconstructed,final
population,1863,2575649,"[""fso-population-long-2026-10-08-de6246ed2ccb5cdb""]",2026-08-20,reconstructed,final
population,1864,2594555,"[""fso-population-long-2026-10-08-de6246ed2ccb5cdb""]",2026-08-20,reconstructed,final
population,1865,2611102,"[""fso-population-long-2026-10-08-de6246ed2ccb5cdb""]",2026-08-20,reconstructed,final
population,1866,2625400,"[""fso-population-long-2026-10-08-de6246ed2ccb5cdb""]",2026-08-20,reconstructed,final
population,1867,2637538,"[""fso-population-long-2026-10-08-de6246ed2ccb5cdb""]",2026-08-20,reconstructed,final
population,1868,2647583,"[""fso-population-long-2026-10-08-de6246ed2ccb5cdb""]",2026-08-20,reconstructed,final
population,1869,2657614,"[""fso-population-long-2026-10-08-de6246ed2ccb5cdb""]",2026-08-20,reconstructed,final
population,1870,2673468,"[""fso-population-long-2026-10-08-de6246ed2ccb5cdb""]",2026-08-20,reconstructed,final
population,1871,2686618,"[""fso-population-long-2026-10-08-de6246ed2ccb5cdb""]",2026-08-20,reconstructed,final
population,1872,2701982,"[""fso-population-long-2026-10-08-de6246ed2ccb5cdb""]",2026-08-20,reconstructed,final
population,1873,2718108,"[""fso-population-long-2026-10-08-de6246ed2ccb5cdb""]",2026-08-20,reconstructed,final
population,1874,2733487,"[""fso-population-long-2026-10-08-de6246ed2ccb5cdb""]",2026-08-20,reconstructed,final
population,1875,2749393,"[""fso-population-long-2026-10-08-de6246ed2ccb5cdb""]",2026-08-20,reconstructed,final
population,1876,2767666,"[""fso-population-long-2026-10-08-de6246ed2ccb5cdb""]",2026-08-20,reconstructed,final
population,1877,2785514,"[""fso-population-long-2026-10-08-de6246ed2ccb5cdb""]",2026-08-20,reconstructed,final
population,1878,2802222,"[""fso-population-long-2026-10-08-de6246ed2ccb5cdb""]",2026-08-20,reconstructed,final
population,1879,2817307,"[""fso-population-long-2026-10-08-de6246ed2ccb5cdb""]",2026-08-20,reconstructed,final
population,1880,2840501,"[""fso-population-long-2026-10-08-de6246ed2ccb5cdb""]",2026-08-20,reconstructed,final
population,1881,2851255,"[""fso-population-long-2026-10-08-de6246ed2ccb5cdb""]",2026-08-20,reconstructed,final
population,1882,2860234,"[""fso-population-long-2026-10-08-de6246ed2ccb5cdb""]",2026-08-20,reconstructed,final
population,1883,2871264,"[""fso-population-long-2026-10-08-de6246ed2ccb5cdb""]",2026-08-20,reconstructed,final
population,1884,2883670,"[""fso-population-long-2026-10-08-de6246ed2ccb5cdb""]",2026-08-20,reconstructed,final
population,1885,2892184,"[""fso-population-long-2026-10-08-de6246ed2ccb5cdb""]",2026-08-20,reconstructed,final
population,1886,2901605,"[""fso-population-long-2026-10-08-de6246ed2ccb5cdb""]",2026-08-20,reconstructed,final
population,1887,2911233,"[""fso-population-long-2026-10-08-de6246ed2ccb5cdb""]",2026-08-20,reconstructed,final
population,1888,2922897,"[""fso-population-long-2026-10-08-de6246ed2ccb5cdb""]",2026-08-20,reconstructed,final
population,1889,2949577,"[""fso-population-long-2026-10-08-de6246ed2ccb5cdb""]",2026-08-20,reconstructed,final
population,1890,2972024,"[""fso-population-long-2026-10-08-de6246ed2ccb5cdb""]",2026-08-20,reconstructed,final
population,1891,3000632,"[""fso-population-long-2026-10-08-de6246ed2ccb5cdb""]",2026-08-20,reconstructed,final
population,1892,3032945,"[""fso-population-long-2026-10-08-de6246ed2ccb5cdb""]",2026-08-20,reconstructed,final
population,1893,3063218,"[""fso-population-long-2026-10-08-de6246ed2ccb5cdb""]",2026-08-20,reconstructed,final
population,1894,3091585,"[""fso-population-long-2026-10-08-de6246ed2ccb5cdb""]",2026-08-20,reconstructed,final
population,1895,3122589,"[""fso-population-long-2026-10-08-de6246ed2ccb5cdb""]",2026-08-20,reconstructed,final
population,1896,3161271,"[""fso-population-long-2026-10-08-de6246ed2ccb5cdb""]",2026-08-20,reconstructed,final
population,1897,3201298,"[""fso-population-long-2026-10-08-de6246ed2ccb5cdb""]",2026-08-20,reconstructed,final
population,1898,3240943,"[""fso-population-long-2026-10-08-de6246ed2ccb5cdb""]",2026-08-20,reconstructed,final
population,1899,3282407,"[""fso-population-long-2026-10-08-de6246ed2ccb5cdb""]",2026-08-20,reconstructed,final
population,1900,3318985,"[""fso-population-long-2026-10-08-de6246ed2ccb5cdb""]",2026-08-20,reconstructed,final
population,1901,3364073,"[""fso-population-long-2026-10-08-de6246ed2ccb5cdb""]",2026-08-20,reconstructed,final
population,1902,3411135,"[""fso-population-long-2026-10-08-de6246ed2ccb5cdb""]",2026-08-20,reconstructed,final
population,1903,3453716,"[""fso-population-long-2026-10-08-de6246ed2ccb5cdb""]",2026-08-20,reconstructed,final
population,1904,3496188,"[""fso-population-long-2026-10-08-de6246ed2ccb5cdb""]",2026-08-20,reconstructed,final
population,1905,3536835,"[""fso-population-long-2026-10-08-de6246ed2ccb5cdb""]",2026-08-20,reconstructed,final
population,1906,3582151,"[""fso-population-long-2026-10-08-de6246ed2ccb5cdb""]",2026-08-20,reconstructed,final
population,1907,3625456,"[""fso-population-long-2026-10-08-de6246ed2ccb5cdb""]",2026-08-20,reconstructed,final
population,1908,3671165,"[""fso-population-long-2026-10-08-de6246ed2ccb5cdb""]",2026-08-20,reconstructed,final
population,1909,3711868,"[""fso-population-long-2026-10-08-de6246ed2ccb5cdb""]",2026-08-20,reconstructed,final
population,1910,3756842,"[""fso-population-long-2026-10-08-de6246ed2ccb5cdb""]",2026-08-20,reconstructed,final
population,1911,3778312,"[""fso-population-long-2026-10-08-de6246ed2ccb5cdb""]",2026-08-20,reconstructed,final
population,1912,3805595,"[""fso-population-long-2026-10-08-de6246ed2ccb5cdb""]",2026-08-20,reconstructed,final
population,1913,3828431,"[""fso-population-long-2026-10-08-de6246ed2ccb5cdb""]",2026-08-20,reconstructed,final
population,1914,3849766,"[""fso-population-long-2026-10-08-de6246ed2ccb5cdb""]",2026-08-20,reconstructed,final
population,1915,3860635,"[""fso-population-long-2026-10-08-de6246ed2ccb5cdb""]",2026-08-20,reconstructed,final
population,1916,3871760,"[""fso-population-long-2026-10-08-de6246ed2ccb5cdb""]",2026-08-20,reconstructed,final
population,1917,3878896,"[""fso-population-long-2026-10-08-de6246ed2ccb5cdb""]",2026-08-20,reconstructed,final
population,1918,3864844,"[""fso-population-long-2026-10-08-de6246ed2ccb5cdb""]",2026-08-20,reconstructed,final
population,1919,3869481,"[""fso-population-long-2026-10-08-de6246ed2ccb5cdb""]",2026-08-20,reconstructed,final
population,1920,3883360,"[""fso-population-long-2026-10-08-de6246ed2ccb5cdb""]",2026-08-20,reconstructed,final
population,1921,3908521,"[""fso-population-long-2026-10-08-de6246ed2ccb5cdb""]",2026-08-20,reconstructed,final
population,1922,3928566,"[""fso-population-long-2026-10-08-de6246ed2ccb5cdb""]",2026-08-20,reconstructed,final
population,1923,3952134,"[""fso-population-long-2026-10-08-de6246ed2ccb5cdb""]",2026-08-20,reconstructed,final
population,1924,3970682,"[""fso-population-long-2026-10-08-de6246ed2ccb5cdb""]",2026-08-20,reconstructed,final
population,1925,3989227,"[""fso-population-long-2026-10-08-de6246ed2ccb5cdb""]",2026-08-20,reconstructed,final
population,1926,4009537,"[""fso-population-long-2026-10-08-de6246ed2ccb5cdb""]",2026-08-20,reconstructed,final
population,1927,4024345,"[""fso-population-long-2026-10-08-de6246ed2ccb5cdb""]",2026-08-20,reconstructed,final
population,1928,4040177,"[""fso-population-long-2026-10-08-de6246ed2ccb5cdb""]",2026-08-20,reconstructed,final
population,1929,4052557,"[""fso-population-long-2026-10-08-de6246ed2ccb5cdb""]",2026-08-20,reconstructed,final
population,1930,4070042,"[""fso-population-long-2026-10-08-de6246ed2ccb5cdb""]",2026-08-20,reconstructed,final
population,1931,4091602,"[""fso-population-long-2026-10-08-de6246ed2ccb5cdb""]",2026-08-20,reconstructed,final
population,1932,4110388,"[""fso-population-long-2026-10-08-de6246ed2ccb5cdb""]",2026-08-20,reconstructed,final
population,1933,4136343,"[""fso-population-long-2026-10-08-de6246ed2ccb5cdb""]",2026-08-20,reconstructed,final
population,1934,4159698,"[""fso-population-long-2026-10-08-de6246ed2ccb5cdb""]",2026-08-20,reconstructed,final
population,1935,4178640,"[""fso-population-long-2026-10-08-de6246ed2ccb5cdb""]",2026-08-20,reconstructed,final
population,1936,4198782,"[""fso-population-long-2026-10-08-de6246ed2ccb5cdb""]",2026-08-20,reconstructed,final
population,1937,4217126,"[""fso-population-long-2026-10-08-de6246ed2ccb5cdb""]",2026-08-20,reconstructed,final
population,1938,4235430,"[""fso-population-long-2026-10-08-de6246ed2ccb5cdb""]",2026-08-20,reconstructed,final
population,1939,4252902,"[""fso-population-long-2026-10-08-de6246ed2ccb5cdb""]",2026-08-20,reconstructed,final
population,1940,4268964,"[""fso-population-long-2026-10-08-de6246ed2ccb5cdb""]",2026-08-20,reconstructed,final
population,1941,4296693,"[""fso-population-long-2026-10-08-de6246ed2ccb5cdb""]",2026-08-20,reconstructed,final
population,1942,4326774,"[""fso-population-long-2026-10-08-de6246ed2ccb5cdb""]",2026-08-20,reconstructed,final
population,1943,4360681,"[""fso-population-long-2026-10-08-de6246ed2ccb5cdb""]",2026-08-20,reconstructed,final
population,1944,4392319,"[""fso-population-long-2026-10-08-de6246ed2ccb5cdb""]",2026-08-20,reconstructed,final
population,1945,4428117,"[""fso-population-long-2026-10-08-de6246ed2ccb5cdb""]",2026-08-20,reconstructed,final
population,1946,4490000,"[""fso-population-long-2026-10-08-de6246ed2ccb5cdb""]",2026-08-20,reconstructed,final
population,1947,4549100,"[""fso-population-long-2026-10-08-de6246ed2ccb5cdb""]",2026-08-20,reconstructed,final
population,1948,4611200,"[""fso-population-long-2026-10-08-de6246ed2ccb5cdb""]",2026-08-20,reconstructed,final
population,1949,4668000,"[""fso-population-long-2026-10-08-de6246ed2ccb5cdb""]",2026-08-20,reconstructed,final
population,1950,4717200,"[""fso-population-long-2026-10-08-de6246ed2ccb5cdb""]",2026-08-20,reconstructed,final
population,1951,4778900,"[""fso-population-long-2026-10-08-de6246ed2ccb5cdb""]",2026-08-20,reconstructed,final
population,1952,4844100,"[""fso-population-long-2026-10-08-de6246ed2ccb5cdb""]",2026-08-20,reconstructed,final
population,1953,4907000,"[""fso-population-long-2026-10-08-de6246ed2ccb5cdb""]",2026-08-20,reconstructed,final
population,1954,4970300,"[""fso-population-long-2026-10-08-de6246ed2ccb5cdb""]",2026-08-20,reconstructed,final
population,1955,5033700,"[""fso-population-long-2026-10-08-de6246ed2ccb5cdb""]",2026-08-20,reconstructed,final
population,1956,5097400,"[""fso-population-long-2026-10-08-de6246ed2ccb5cdb""]",2026-08-20,reconstructed,final
population,1957,5162800,"[""fso-population-long-2026-10-08-de6246ed2ccb5cdb""]",2026-08-20,reconstructed,final
population,1958,5230000,"[""fso-population-long-2026-10-08-de6246ed2ccb5cdb""]",2026-08-20,reconstructed,final
population,1959,5295500,"[""fso-population-long-2026-10-08-de6246ed2ccb5cdb""]",2026-08-20,reconstructed,final
population,1960,5360153,"[""fso-population-long-2026-10-08-de6246ed2ccb5cdb""]",2026-08-20,reconstructed,final
population,1961,5508435,"[""fso-population-long-2026-10-08-de6246ed2ccb5cdb""]",2026-08-20,reconstructed,final
population,1962,5639195,"[""fso-population-long-2026-10-08-de6246ed2ccb5cdb""]",2026-08-20,reconstructed,final
population,1963,5749299,"[""fso-population-long-2026-10-08-de6246ed2ccb5cdb""]",2026-08-20,reconstructed,final
population,1964,5829156,"[""fso-population-long-2026-10-08-de6246ed2ccb5cdb""]",2026-08-20,reconstructed,final
population,1965,5883788,"[""fso-population-long-2026-10-08-de6246ed2ccb5cdb""]",2026-08-20,reconstructed,final
population,1966,5952216,"[""fso-population-long-2026-10-08-de6246ed2ccb5cdb""]",2026-08-20,reconstructed,final
population,1967,6031353,"[""fso-population-long-2026-10-08-de6246ed2ccb5cdb""]",2026-08-20,reconstructed,final
population,1968,6104074,"[""fso-population-long-2026-10-08-de6246ed2ccb5cdb""]",2026-08-20,reconstructed,final
population,1969,6168700,"[""fso-population-long-2026-10-08-de6246ed2ccb5cdb""]",2026-08-20,reconstructed,final
population,1970,6193064,"[""fso-population-long-2026-10-08-de6246ed2ccb5cdb""]",2026-08-20,reconstructed,final
population,1971,6233744,"[""fso-population-long-2026-10-08-de6246ed2ccb5cdb""]",2026-08-20,reconstructed,final
population,1972,6288168,"[""fso-population-long-2026-10-08-de6246ed2ccb5cdb""]",2026-08-20,reconstructed,final
population,1973,6326525,"[""fso-population-long-2026-10-08-de6246ed2ccb5cdb""]",2026-08-20,reconstructed,final
population,1974,6356285,"[""fso-population-long-2026-10-08-de6246ed2ccb5cdb""]",2026-08-20,reconstructed,final
population,1975,6320978,"[""fso-population-long-2026-10-08-de6246ed2ccb5cdb""]",2026-08-20,reconstructed,final
population,1976,6284029,"[""fso-population-long-2026-10-08-de6246ed2ccb5cdb""]",2026-08-20,reconstructed,final
population,1977,6278319,"[""fso-population-long-2026-10-08-de6246ed2ccb5cdb""]",2026-08-20,reconstructed,final
population,1978,6285156,"[""fso-population-long-2026-10-08-de6246ed2ccb5cdb""]",2026-08-20,reconstructed,final
population,1979,6303573,"[""fso-population-long-2026-10-08-de6246ed2ccb5cdb""]",2026-08-20,reconstructed,final
population,1980,6335243,"[""fso-population-long-2026-10-08-de6246ed2ccb5cdb""]",2026-08-20,reconstructed,final
population,1981,6372904,"[""fso-population-long-2026-10-08-de6246ed2ccb5cdb""]",2026-08-20,observed,final
population,1982,6409713,"[""fso-population-long-2026-10-08-de6246ed2ccb5cdb""]",2026-08-20,observed,final
population,1983,6427833,"[""fso-population-long-2026-10-08-de6246ed2ccb5cdb""]",2026-08-20,observed,final
population,1984,6455896,"[""fso-population-long-2026-10-08-de6246ed2ccb5cdb""]",2026-08-20,observed,final
population,1985,6484834,"[""fso-population-long-2026-10-08-de6246ed2ccb5cdb""]",2026-08-20,observed,final
population,1986,6523413,"[""fso-population-long-2026-10-08-de6246ed2ccb5cdb""]",2026-08-20,observed,final
population,1987,6566799,"[""fso-population-long-2026-10-08-de6246ed2ccb5cdb""]",2026-08-20,observed,final
population,1988,6619973,"[""fso-population-long-2026-10-08-de6246ed2ccb5cdb""]",2026-08-20,observed,final
population,1989,6673850,"[""fso-population-long-2026-10-08-de6246ed2ccb5cdb""]",2026-08-20,observed,final
population,1990,6750693,"[""fso-population-long-2026-10-08-de6246ed2ccb5cdb""]",2026-08-20,observed,final
population,1991,6842768,"[""fso-population-long-2026-10-08-de6246ed2ccb5cdb""]",2026-08-20,observed,final
population,1992,6907959,"[""fso-population-long-2026-10-08-de6246ed2ccb5cdb""]",2026-08-20,observed,final
population,1993,6968570,"[""fso-population-long-2026-10-08-de6246ed2ccb5cdb""]",2026-08-20,observed,final
population,1994,7019019,"[""fso-population-long-2026-10-08-de6246ed2ccb5cdb""]",2026-08-20,observed,final
population,1995,7062354,"[""fso-population-long-2026-10-08-de6246ed2ccb5cdb""]",2026-08-20,observed,final
population,1996,7081346,"[""fso-population-long-2026-10-08-de6246ed2ccb5cdb""]",2026-08-20,observed,final
population,1997,7096465,"[""fso-population-long-2026-10-08-de6246ed2ccb5cdb""]",2026-08-20,observed,final
population,1998,7123537,"[""fso-population-long-2026-10-08-de6246ed2ccb5cdb""]",2026-08-20,observed,final
population,1999,7164444,"[""fso-population-long-2026-10-08-de6246ed2ccb5cdb""]",2026-08-20,observed,final
population,2000,7204055,"[""fso-population-long-2026-10-08-de6246ed2ccb5cdb""]",2026-08-20,observed,final
population,2001,7255653,"[""fso-population-long-2026-10-08-de6246ed2ccb5cdb""]",2026-08-20,observed,final
population,2002,7313853,"[""fso-population-long-2026-10-08-de6246ed2ccb5cdb""]",2026-08-20,observed,final
population,2003,7364148,"[""fso-population-long-2026-10-08-de6246ed2ccb5cdb""]",2026-08-20,observed,final
population,2004,7415102,"[""fso-population-long-2026-10-08-de6246ed2ccb5cdb""]",2026-08-20,observed,final
population,2005,7459128,"[""fso-population-long-2026-10-08-de6246ed2ccb5cdb""]",2026-08-20,observed,final
population,2006,7508739,"[""fso-population-long-2026-10-08-de6246ed2ccb5cdb""]",2026-08-20,observed,final
population,2007,7593494,"[""fso-population-long-2026-10-08-de6246ed2ccb5cdb""]",2026-08-20,observed,final
population,2008,7701856,"[""fso-population-long-2026-10-08-de6246ed2ccb5cdb""]",2026-08-20,observed,final
population,2009,7785806,"[""fso-population-long-2026-10-08-de6246ed2ccb5cdb""]",2026-08-20,observed,final
population,2010,7864012,"[""fso-population-long-2026-10-08-de6246ed2ccb5cdb""]",2026-08-20,observed,final
population,2011,7954662,"[""fso-population-long-2026-10-08-de6246ed2ccb5cdb""]",2026-08-20,observed,final
population,2012,8039060,"[""fso-population-long-2026-10-08-de6246ed2ccb5cdb""]",2026-08-20,observed,final
population,2013,8139631,"[""fso-population-long-2026-10-08-de6246ed2ccb5cdb""]",2026-08-20,observed,final
population,2014,8237666,"[""fso-population-long-2026-10-08-de6246ed2ccb5cdb""]",2026-08-20,observed,final
population,2015,8327126,"[""fso-population-long-2026-10-08-de6246ed2ccb5cdb""]",2026-08-20,observed,final
population,2016,8419550,"[""fso-population-long-2026-10-08-de6246ed2ccb5cdb""]",2026-08-20,observed,final
population,2017,8484130,"[""fso-population-long-2026-10-08-de6246ed2ccb5cdb""]",2026-08-20,observed,final
population,2018,8544527,"[""fso-population-long-2026-10-08-de6246ed2ccb5cdb""]",2026-08-20,observed,final
population,2019,8606033,"[""fso-population-long-2026-10-08-de6246ed2ccb5cdb""]",2026-08-20,observed,final
population,2020,8670300,"[""fso-population-long-2026-10-08-de6246ed2ccb5cdb""]",2026-08-20,observed,final
population,2021,8738791,"[""fso-population-long-2026-10-08-de6246ed2ccb5cdb""]",2026-08-20,observed,final
population,2022,8815385,"[""fso-population-long-2026-10-08-de6246ed2ccb5cdb""]",2026-08-20,observed,final
population,2023,8962258,"[""fso-population-long-2026-10-08-de6246ed2ccb5cdb""]",2026-08-20,observed,final
population,2024,9051029,"[""fso-population-long-2026-10-08-de6246ed2ccb5cdb""]",2026-08-20,observed,final
population,2025,9127125,"[""fso-population-long-2026-10-08-de6246ed2ccb5cdb""]",2026-08-20,observed,final
