vintage,year,value,status
April 2026,1990,32.84,Actual
April 2026,1991,34.57,Actual
April 2026,1992,38.91,Actual
April 2026,1993,43.68,Actual
April 2026,1994,46.36,Actual
April 2026,1995,49.27,Actual
April 2026,1996,50.56,Actual
April 2026,1997,52.94,Actual
April 2026,1998,55.29,Actual
April 2026,1999,51.97,Actual
April 2026,2000,51.66,Actual
April 2026,2001,50.45,Actual
April 2026,2002,56.87,Actual
April 2026,2003,56.19,Actual
April 2026,2004,57.06,Actual
April 2026,2005,54.09,Actual
April 2026,2006,47.75,Actual
April 2026,2007,44.01,Actual
April 2026,2008,44.23,Actual
April 2026,2009,42.37,Actual
April 2026,2010,40.7,Actual
April 2026,2011,41.24,Actual
April 2026,2012,41.86,Actual
April 2026,2013,41.22,Actual
April 2026,2014,41.24,Actual
April 2026,2015,41.44,Actual
April 2026,2016,40.3,Actual
April 2026,2017,41.08,Actual
April 2026,2018,38.96,Actual
April 2026,2019,38.83,Actual
April 2026,2020,42.38,Actual
April 2026,2021,39.74,Actual
April 2026,2022,35.9,Actual
April 2026,2023,37.27,Actual
April 2026,2024,40.49,Actual
April 2026,2025,39.42,Actual
April 2026,2026,38.5,Forecast
