"PERIOD","VARIABLE","VALUE","STATUS","UNIT_MEAS"
"1948","B1GQ","23033.5678702284","A","MCHF"
"1948","B1GQ",,"O","AC"
"1948","B1GQ",,"O","ACPP"
"1949","B1GQ","22739.8348049333","A","MCHF"
"1949","B1GQ","-1.27523910733238","A","AC"
"1949","B1GQ","-3.49393473432399","A","ACPP"
"1950","B1GQ","23963.7225769964","A","MCHF"
"1950","B1GQ","5.38213132400409","A","AC"
"1950","B1GQ","7.04611843852354","A","ACPP"
"1951","B1GQ","26264.6315884751","A","MCHF"
"1951","B1GQ","9.60163432073537","A","AC"
"1951","B1GQ","7.54155296452492","A","ACPP"
"1952","B1GQ","27751.6552315319","A","MCHF"
"1952","B1GQ","5.66169617893786","A","AC"
"1952","B1GQ","0.784313725490415","A","ACPP"
"1953","B1GQ","29128.5289751029","A","MCHF"
"1953","B1GQ","4.96141124586535","A","AC"
"1953","B1GQ","3.3417257953763","A","ACPP"
"1954","B1GQ","30866.4496114326","A","MCHF"
"1954","B1GQ","5.96638655462194","A","AC"
"1954","B1GQ","5.50018456995198","A","ACPP"
"1955","B1GQ","33295.8668389779","A","MCHF"
"1955","B1GQ","7.87073750991261","A","AC"
"1955","B1GQ","6.45206438068588","A","ACPP"
"1956","B1GQ","35798.7173328471","A","MCHF"
"1956","B1GQ","7.51700055136946","A","AC"
"1956","B1GQ","6.36997107546668","A","ACPP"
"1957","B1GQ","38081.2680277448","A","MCHF"
"1957","B1GQ","6.37606837606817","A","AC"
"1957","B1GQ","3.99233669118091","A","ACPP"
"1958","B1GQ","39152.1698283001","A","MCHF"
"1958","B1GQ","2.81214848143994","A","AC"
"1958","B1GQ","-2.13941879122834","A","ACPP"
"1959","B1GQ","41581.5870558454","A","MCHF"
"1959","B1GQ","6.20506408252566","A","AC"
"1959","B1GQ","6.25493411064548","A","ACPP"
"1960","B1GQ","45736.6860419998","A","MCHF"
"1960","B1GQ","9.99264164827083","A","AC"
"1960","B1GQ","6.81259644510486","A","ACPP"
"1961","B1GQ","51452.2419375347","A","MCHF"
"1961","B1GQ","12.4966550709125","A","AC"
"1961","B1GQ","8.3525068221949","A","ACPP"
"1962","B1GQ","57057.6479335839","A","MCHF"
"1962","B1GQ","10.8943862987631","A","AC"
"1962","B1GQ","5.02222222222219","A","ACPP"
"1963","B1GQ","62742.6066348172","A","MCHF"
"1963","B1GQ","9.96353496353493","A","AC"
"1963","B1GQ","4.95603517186249","A","ACPP"
"1964","B1GQ","69547.4226474883","A","MCHF"
"1964","B1GQ","10.8456061640495","A","AC"
"1964","B1GQ","5.09833788808751","A","ACPP"
"1965","B1GQ","74485.8098077631","A","MCHF"
"1965","B1GQ","7.10074791025077","A","AC"
"1965","B1GQ","3.0649217784219","A","ACPP"
"1966","B1GQ","79987.185343187","A","MCHF"
"1966","B1GQ","7.38580348340461","A","AC"
"1966","B1GQ","2.4112829845315","A","ACPP"
"1967","B1GQ","86100.5047646424","A","MCHF"
"1967","B1GQ","7.64287353683726","A","AC"
"1967","B1GQ","3.00068656354757","A","ACPP"
"1968","B1GQ","91938.4494373836","A","MCHF"
"1968","B1GQ","6.78038379530916","A","AC"
"1968","B1GQ","3.69745922208278","A","ACPP"
"1969","B1GQ","99618.3452070798","A","MCHF"
"1969","B1GQ","8.35330138445147","A","AC"
"1969","B1GQ","5.60744129768966","A","ACPP"
"1970","B1GQ","110963.784854105","A","MCHF"
"1970","B1GQ","11.3889059524539","A","AC"
"1970","B1GQ","6.35875402792681","A","ACPP"
"1971","B1GQ","126054.321083644","A","MCHF"
"1971","B1GQ","13.5995146969617","A","AC"
"1971","B1GQ","4.27523059314654","A","ACPP"
"1972","B1GQ","142839.94187749","A","MCHF"
"1972","B1GQ","13.3161803971066","A","AC"
"1972","B1GQ","3.45751549586784","A","ACPP"
"1973","B1GQ","159178.843634533","A","MCHF"
"1973","B1GQ","11.4386085168366","A","AC"
"1973","B1GQ","3.16098230723627","A","ACPP"
"1974","B1GQ","172690.56463811","A","MCHF"
"1974","B1GQ","8.48838997385812","A","AC"
"1974","B1GQ","1.17664851784653","A","ACPP"
"1975","B1GQ","171533.99069351","A","MCHF"
"1975","B1GQ","-0.669737774628121","A","AC"
"1975","B1GQ","-6.71171036503355","A","ACPP"
"1976","B1GQ","173743.108122084","A","MCHF"
"1976","B1GQ","1.2878598694303","A","AC"
"1976","B1GQ","-0.839635944109407","A","ACPP"
"1977","B1GQ","178430.598289086","A","MCHF"
"1977","B1GQ","2.69794308255855","A","AC"
"1977","B1GQ","2.35925279555302","A","ACPP"
"1978","B1GQ","185633.177827678","A","MCHF"
"1978","B1GQ","4.03662802661384","A","AC"
"1978","B1GQ","0.593584238444378","A","ACPP"
"1979","B1GQ","194041.286821752","A","MCHF"
"1979","B1GQ","4.52942146035942","A","AC"
"1979","B1GQ","2.43251726302545","A","ACPP"
"1980","B1GQ","208464.804215516","A","MCHF"
"1980","B1GQ","7.43322085212388","A","AC"
"1980","B1GQ","4.38486287727875","A","ACPP"
"1981","B1GQ","223793.422574012","A","MCHF"
"1981","B1GQ","7.35309656523548","A","AC"
"1981","B1GQ","1.60133586994755","A","ACPP"
"1982","B1GQ","237092.138635244","A","MCHF"
"1982","B1GQ","5.94240702352811","A","AC"
"1982","B1GQ","-1.30941744124087","A","ACPP"
"1983","B1GQ","244254.905181682","A","MCHF"
"1983","B1GQ","3.02108985463141","A","AC"
"1983","B1GQ","0.639079457900582","A","ACPP"
"1984","B1GQ","261062.577179913","A","MCHF"
"1984","B1GQ","6.88120141772757","A","AC"
"1984","B1GQ","3.00845641085454","A","ACPP"
"1985","B1GQ","276798.760973529","A","MCHF"
"1985","B1GQ","6.0277439852175","A","AC"
"1985","B1GQ","3.67359591840033","A","ACPP"
"1986","B1GQ","290499.271857023","A","MCHF"
"1986","B1GQ","4.94962868883804","A","AC"
"1986","B1GQ","1.85863278993721","A","ACPP"
"1987","B1GQ","301578.152328602","A","MCHF"
"1987","B1GQ","3.81373777660681","A","AC"
"1987","B1GQ","1.58547816695866","A","ACPP"
"1988","B1GQ","320153.217615877","A","MCHF"
"1988","B1GQ","6.15928744965433","A","AC"
"1988","B1GQ","3.27759625240882","A","ACPP"
"1989","B1GQ","345570.288036945","A","MCHF"
"1989","B1GQ","7.93903325737106","A","AC"
"1989","B1GQ","4.33079405316319","A","ACPP"
"1990","B1GQ","374762.036618567","A","MCHF"
"1990","B1GQ","8.44741275282936","A","AC"
"1990","B1GQ","3.67462563323657","A","ACPP"
"1991","B1GQ","391415.527551283","A","MCHF"
"1991","B1GQ","4.44375078195711","A","AC"
"1991","B1GQ","-0.915816571312233","A","ACPP"
"1992","B1GQ","399556.864250756","A","MCHF"
"1992","B1GQ","2.07997284890704","A","AC"
"1992","B1GQ","-0.0437329929711461","A","ACPP"
"1993","B1GQ","408319.606206424","A","MCHF"
"1993","B1GQ","2.19311510818361","A","AC"
"1993","B1GQ","-0.125983546044428","A","ACPP"
"1994","B1GQ","418401.767110887","A","MCHF"
"1994","B1GQ","2.46918363733091","A","AC"
"1994","B1GQ","1.26975769664117","A","ACPP"
"1995","B1GQ","423515.355497934","A","MCHF"
"1995","B1GQ","1.22217179491304","A","AC"
"1995","B1GQ","0.480866444168426","A","ACPP"
"1996","B1GQ","426881.828001798","A","MCHF"
"1996","B1GQ","0.794887944477485","A","AC"
"1996","B1GQ","0.560166837778464","A","ACPP"
"1997","B1GQ","433747.492069233","A","MCHF"
"1997","B1GQ","1.60832896063359","A","AC"
"1997","B1GQ","2.09761684983867","A","ACPP"
"1998","B1GQ","444954.842817937","A","MCHF"
"1998","B1GQ","2.58384220165477","A","AC"
"1998","B1GQ","2.77611377234201","A","ACPP"
"1999","B1GQ","453531.10713721","A","MCHF"
"1999","B1GQ","1.92744599990389","A","AC"
"1999","B1GQ","1.68007559106123","A","ACPP"
"2000","B1GQ","476794.431832234","A","MCHF"
"2000","B1GQ","5.12937796965403","A","AC"
"2000","B1GQ","3.6332168615091","A","ACPP"
"2001","B1GQ","489674.255649415","A","MCHF"
"2001","B1GQ","2.7013368775483","A","AC"
"2001","B1GQ","1.59219771850967","A","ACPP"
"2002","B1GQ","489292.797185404","A","MCHF"
"2002","B1GQ","-0.0779004531298311","A","AC"
"2002","B1GQ","0.380410211239002","A","ACPP"
"2003","B1GQ","493651.675297047","A","MCHF"
"2003","B1GQ","0.890852703476708","A","AC"
"2003","B1GQ","-0.284222454587468","A","ACPP"
"2004","B1GQ","508607.552802168","A","MCHF"
"2004","B1GQ","3.02964180079437","A","AC"
"2004","B1GQ","2.58692894953159","A","ACPP"
"2005","B1GQ","528601.157101518","A","MCHF"
"2005","B1GQ","3.93104746266457","A","AC"
"2005","B1GQ","2.95208489408261","A","ACPP"
"2006","B1GQ","562159.638450928","A","MCHF"
"2006","B1GQ","6.34854481466167","A","AC"
"2006","B1GQ","4.1343225933635","A","ACPP"
"2007","B1GQ","598992.212166471","A","MCHF"
"2007","B1GQ","6.55197762276885","A","AC"
"2007","B1GQ","3.98319373655487","A","ACPP"
"2008","B1GQ","622461.843394655","A","MCHF"
"2008","B1GQ","3.91818637228982","A","AC"
"2008","B1GQ","2.5315962895734","A","ACPP"
"2009","B1GQ","613317.965337715","A","MCHF"
"2009","B1GQ","-1.46898611601203","A","AC"
"2009","B1GQ","-1.93490949488656","A","ACPP"
"2010","B1GQ","636172.019983406","A","MCHF"
"2010","B1GQ","3.7262979298359","A","AC"
"2010","B1GQ","3.26063079638184","A","ACPP"
"2011","B1GQ","645812.258034827","A","MCHF"
"2011","B1GQ","1.51535084043346","A","AC"
"2011","B1GQ","1.4076606134334","A","ACPP"
"2012","B1GQ","654393.623955498","A","MCHF"
"2012","B1GQ","1.32877098783843","A","AC"
"2012","B1GQ","1.12413589065037","A","ACPP"
"2013","B1GQ","666210.44413731","A","MCHF"
"2013","B1GQ","1.80576639949286","A","AC"
"2013","B1GQ","1.83612390644168","A","ACPP"
"2014","B1GQ","679021.949211798","A","MCHF"
"2014","B1GQ","1.9230417636394","A","AC"
"2014","B1GQ","2.54342348024907","A","ACPP"
"2015","B1GQ","679632.739685885","A","MCHF"
"2015","B1GQ","0.0899515066922429","A","AC"
"2015","B1GQ","1.45450324905849","A","ACPP"
"2016","B1GQ","688404.189284969","A","MCHF"
"2016","B1GQ","1.29061610586005","A","AC"
"2016","B1GQ","1.91159106265888","A","ACPP"
"2017","B1GQ","695842.649828425","A","MCHF"
"2017","B1GQ","1.08053679208173","A","AC"
"2017","B1GQ","1.42034612657891","A","ACPP"
"2018","B1GQ","724383.244891156","A","MCHF"
"2018","B1GQ","4.10158748817253","A","AC"
"2018","B1GQ","3.32743250832082","A","ACPP"
"2019","B1GQ","731800.76850289","A","MCHF"
"2019","B1GQ","1.02397779960366","A","AC"
"2019","B1GQ","1.1153218990319","A","ACPP"
"2020","B1GQ","709854.597899914","A","MCHF"
"2020","B1GQ","-2.99892696858918","A","AC"
"2020","B1GQ","-2.25525798670118","A","ACPP"
"2021","B1GQ","768279.352473616","A","MCHF"
"2021","B1GQ","8.23052421531818","A","AC"
"2021","B1GQ","6.17622838562997","A","ACPP"
"2022","B1GQ","819703.686719524","A","MCHF"
"2022","B1GQ","6.69344218093821","A","AC"
"2022","B1GQ","3.53430291467991","A","ACPP"
"2023","B1GQ","837159.406931057","A","MCHF"
"2023","B1GQ","2.12951588413506","A","AC"
"2023","B1GQ","0.997201570401374","A","ACPP"
"2024","B1GQ","860932.092387907","A","MCHF"
"2024","B1GQ","2.83968444480582","A","AC"
"2024","B1GQ","1.51527576680921","A","ACPP"
"2025","B1GQ","881571.800580975","A","MCHF"
"2025","B1GQ","2.39736773382684","A","AC"
"2025","B1GQ","1.60786486422242","A","ACPP"
