vintage,indicator,country,year,value
April 2026,GGXWDG_NGDP,CHE,1990,32.8
April 2026,GGXWDG_NGDP,CHE,1991,34.6
April 2026,GGXWDG_NGDP,CHE,1992,38.9
April 2026,GGXWDG_NGDP,CHE,1993,43.7
April 2026,GGXWDG_NGDP,CHE,1994,46.4
April 2026,GGXWDG_NGDP,CHE,1995,49.3
April 2026,GGXWDG_NGDP,CHE,1996,50.6
April 2026,GGXWDG_NGDP,CHE,1997,52.9
April 2026,GGXWDG_NGDP,CHE,1998,55.3
April 2026,GGXWDG_NGDP,CHE,1999,52
April 2026,GGXWDG_NGDP,CHE,2000,51.7
April 2026,GGXWDG_NGDP,CHE,2001,50.5
April 2026,GGXWDG_NGDP,CHE,2002,56.9
April 2026,GGXWDG_NGDP,CHE,2003,56.2
April 2026,GGXWDG_NGDP,CHE,2004,57.1
April 2026,GGXWDG_NGDP,CHE,2005,54.1
April 2026,GGXWDG_NGDP,CHE,2006,47.7
April 2026,GGXWDG_NGDP,CHE,2007,44
April 2026,GGXWDG_NGDP,CHE,2008,44.2
April 2026,GGXWDG_NGDP,CHE,2009,42.4
April 2026,GGXWDG_NGDP,CHE,2010,40.7
April 2026,GGXWDG_NGDP,CHE,2011,41.2
April 2026,GGXWDG_NGDP,CHE,2012,41.9
April 2026,GGXWDG_NGDP,CHE,2013,41.2
April 2026,GGXWDG_NGDP,CHE,2014,41.2
April 2026,GGXWDG_NGDP,CHE,2015,41.4
April 2026,GGXWDG_NGDP,CHE,2016,40.3
April 2026,GGXWDG_NGDP,CHE,2017,41.1
April 2026,GGXWDG_NGDP,CHE,2018,39
April 2026,GGXWDG_NGDP,CHE,2019,38.8
April 2026,GGXWDG_NGDP,CHE,2020,42.4
April 2026,GGXWDG_NGDP,CHE,2021,39.7
April 2026,GGXWDG_NGDP,CHE,2022,35.9
April 2026,GGXWDG_NGDP,CHE,2023,37.3
April 2026,GGXWDG_NGDP,CHE,2024,40.5
April 2026,GGXWDG_NGDP,CHE,2025,39.4
April 2026,GGXWDG_NGDP,CHE,2026,38.5
