release,country,iso,year,debtgdp
R6,Switzerland,CHE,1946,0.8692228980442219
R6,Switzerland,CHE,1947,0.7505140668369393
R6,Switzerland,CHE,1948,0.7601872396959807
R6,Switzerland,CHE,1949,0.7131570825968692
R6,Switzerland,CHE,1950,0.6692545046443965
R6,Switzerland,CHE,1951,0.6448388134432221
R6,Switzerland,CHE,1952,0.6290001635892734
R6,Switzerland,CHE,1953,0.606557823418672
R6,Switzerland,CHE,1954,0.5750950882872641
R6,Switzerland,CHE,1955,0.537785432893255
R6,Switzerland,CHE,1956,0.5236812244851264
R6,Switzerland,CHE,1957,0.5131653778563717
R6,Switzerland,CHE,1958,0.4922768133419797
R6,Switzerland,CHE,1959,0.4664656444234889
R6,Switzerland,CHE,1960,0.40640734329333944
R6,Switzerland,CHE,1961,0.38597950743207293
R6,Switzerland,CHE,1962,0.3683375677504981
R6,Switzerland,CHE,1963,0.36520055474721697
R6,Switzerland,CHE,1964,0.3564706000125121
R6,Switzerland,CHE,1965,0.35260226826024305
R6,Switzerland,CHE,1966,0.35472414213285747
R6,Switzerland,CHE,1967,0.35800006156436465
R6,Switzerland,CHE,1968,0.35576448022787904
R6,Switzerland,CHE,1969,0.3362980232360563
R6,Switzerland,CHE,1970,0.313485689417964
R6,Switzerland,CHE,1971,0.31059874572320695
R6,Switzerland,CHE,1972,0.306692751431558
R6,Switzerland,CHE,1973,0.3142963906145901
R6,Switzerland,CHE,1974,0.35453353300177626
R6,Switzerland,CHE,1975,0.3942409531301706
R6,Switzerland,CHE,1976,0.4230807117779819
R6,Switzerland,CHE,1977,0.40947202408203315
R6,Switzerland,CHE,1978,0.38396912742860306
R6,Switzerland,CHE,1979,0.3740105918693559
R6,Switzerland,CHE,1980,0.3570375643263813
R6,Switzerland,CHE,1981,0.33877350858094696
R6,Switzerland,CHE,1982,0.3338552693729017
R6,Switzerland,CHE,1983,0.3351294632419898
R6,Switzerland,CHE,1984,0.32760702504562306
R6,Switzerland,CHE,1985,0.3220821000623906
R6,Switzerland,CHE,1986,0.31706752693726786
R6,Switzerland,CHE,1987,0.30944312564642296
R6,Switzerland,CHE,1988,0.30838
R6,Switzerland,CHE,1989,0.28675
