DATE,IRLTLT01CHA156N
1955-01-01,2.9825000000
1956-01-01,3.1250000000
1957-01-01,3.6675000000
1958-01-01,3.1533333333
1959-01-01,3.0766666667
1960-01-01,3.0925000000
1961-01-01,2.9558333333
1962-01-01,3.1241666667
1963-01-01,3.2466666667
1964-01-01,3.9708333333
1965-01-01,3.9458333333
1966-01-01,4.1641666667
1967-01-01,4.6033333333
1968-01-01,4.3725000000
1969-01-01,4.9000000000
1970-01-01,5.7158333333
1971-01-01,5.2658333333
1972-01-01,4.9633333333
1973-01-01,5.5941666667
1974-01-01,7.1291666667
1975-01-01,6.4358333333
1976-01-01,4.9825000000
1977-01-01,4.0450000000
1978-01-01,3.3266666667
1979-01-01,3.4525000000
1980-01-01,4.7625000000
1981-01-01,5.5700000000
1982-01-01,4.5983333333
1983-01-01,4.1741666667
1984-01-01,4.5529166667
1985-01-01,4.7000833333
1986-01-01,4.2299166667
1987-01-01,4.0327500000
1988-01-01,4.1140833333
1989-01-01,5.1232500000
1990-01-01,6.3840833333
1991-01-01,6.2164166667
1992-01-01,6.4300833333
1993-01-01,4.6218333333
1994-01-01,5.1178333333
1995-01-01,4.7782500000
1996-01-01,4.3837500000
1997-01-01,3.6702500000
1998-01-01,3.0445833333
1999-01-01,3.0393333333
2000-01-01,3.9250833333
2001-01-01,3.3817500000
2002-01-01,3.1989166667
2003-01-01,2.6587500000
2004-01-01,2.7401666667
2005-01-01,2.0955000000
2006-01-01,2.5170833333
2007-01-01,2.9267500000
2008-01-01,2.8968333333
2009-01-01,2.2026666667
2010-01-01,1.6319166667
2011-01-01,1.4713333333
2012-01-01,0.6454166667
2013-01-01,0.9493333333
2014-01-01,0.6927500000
2015-01-01,-0.0686666667
2016-01-01,-0.3620000000
2017-01-01,-0.0720833333
2018-01-01,0.0331666667
2019-01-01,-0.4890000000
2020-01-01,-0.5238333333
2021-01-01,-0.2322500000
2022-01-01,0.8288333333
2023-01-01,1.0305000000
2024-01-01,0.5693333333
2025-01-01,0.3238333333
