year,confederation_yield_by_maturity,gmbf_3m_yield
1946,3.098,NA
1947,3.169,NA
1948,3.421,NA
1949,2.938,NA
1950,2.673,NA
1951,2.943,NA
1952,2.843,NA
1953,2.547,NA
1954,2.621,NA
1980,NA,5.171
1981,NA,7.819
1982,NA,3.867
1983,NA,3.042
1984,NA,3.584
1985,NA,4.149
1986,NA,3.543
1987,NA,3.178
1988,NA,3.007
1989,NA,6.603
1990,NA,8.318
1991,NA,7.745
1992,NA,7.675
1993,NA,4.821
1994,NA,3.977
1995,NA,2.768
1996,NA,1.720
1997,NA,1.450
1998,NA,1.318
1999,NA,1.174
2000,NA,2.929
2001,NA,2.676
2002,NA,0.935
2003,NA,0.158
2004,NA,0.366
2005,NA,0.712
2006,NA,1.361
