"CubeId";"zimoma"
"PublishingDate";"2026-10-01 14:30"

"Date";"D0";"Value"
"2007-01";"EG3M";"1.996"
"2007-02";"EG3M";"2.04"
"2007-03";"EG3M";"2.1"
"2007-04";"EG3M";"2.2"
"2007-05";"EG3M";"2.22"
"2007-06";"EG3M";"2.432"
"2007-07";"EG3M";"2.476"
"2007-08";"EG3M";"2.476"
"2007-09";"EG3M";"2.008"
"2007-10";"EG3M";"1.896"
"2007-11";"EG3M";"2.052"
"2007-12";"EG3M";"2.044"
"2008-01";"EG3M";"2.085"
"2008-02";"EG3M";"2.104"
"2008-03";"EG3M";"1.585"
"2008-04";"EG3M";"1.502"
"2008-05";"EG3M";"1.485"
"2008-06";"EG3M";"1.788"
"2008-07";"EG3M";"1.413"
"2008-08";"EG3M";"1.521"
"2008-09";"EG3M";"0.004"
"2008-10";"EG3M";"0"
"2008-11";"EG3M";"0.348"
"2008-12";"EG3M";"0"
"2009-01";"EG3M";"0"
"2009-02";"EG3M";"0"
"2009-03";"EG3M";"0"
"2009-04";"EG3M";"0"
"2009-05";"EG3M";"0"
"2009-06";"EG3M";"0"
"2009-07";"EG3M";"0"
"2009-08";"EG3M";"0"
"2009-09";"EG3M";"0"
"2009-10";"EG3M";"0"
"2009-11";"EG3M";"0"
"2009-12";"EG3M";"0"
"2010-01";"EG3M";"0"
"2010-02";"EG3M";"0"
"2010-03";"EG3M";"0"
"2010-04";"EG3M";"0"
"2010-05";"EG3M";"0"
"2010-06";"EG3M";"0"
"2010-07";"EG3M";"0"
"2010-08";"EG3M";"0.158"
"2010-09";"EG3M";"0.079"
"2010-10";"EG3M";"0"
"2010-11";"EG3M";"0.04"
"2010-12";"EG3M";"0.04"
"2011-01";"EG3M";"0.079"
"2011-02";"EG3M";"0.079"
"2011-03";"EG3M";"0.079"
"2011-04";"EG3M";"0.119"
"2011-05";"EG3M";"0.08"
"2011-06";"EG3M";"0.079"
"2011-07";"EG3M";"0"
"2011-08";"EG3M";"-0.75"
"2011-09";"EG3M";"-0.652"
"2011-10";"EG3M";"-0.051"
"2011-11";"EG3M";"-0.316"
"2011-12";"EG3M";"-0.47"
"2012-01";"EG3M";"-0.051"
"2012-02";"EG3M";"-0.099"
"2012-03";"EG3M";"-0.099"
"2012-04";"EG3M";"-0.158"
"2012-05";"EG3M";"-0.62"
"2012-06";"EG3M";"-0.849"
"2012-07";"EG3M";"-0.616"
"2012-08";"EG3M";"-0.352"
"2012-09";"EG3M";"-0.221"
"2012-10";"EG3M";"-0.221"
"2012-11";"EG3M";"-0.198"
"2012-12";"EG3M";"-0.217"
"2013-01";"EG3M";"-0.087"
"2013-02";"EG3M";"-0.103"
"2013-03";"EG3M";"-0.123"
"2013-04";"EG3M";"-0.125"
"2013-05";"EG3M";"-0.123"
"2013-06";"EG3M";"-0.134"
"2013-07";"EG3M";"-0.096"
"2013-08";"EG3M";"-0.044"
"2013-09";"EG3M";"-0.082"
"2013-10";"EG3M";"-0.095"
"2013-11";"EG3M";"-0.103"
"2013-12";"EG3M";"-0.08"
"2014-01";"EG3M";"-0.09"
"2014-02";"EG3M";"-0.102"
"2014-03";"EG3M";"-0.103"
"2014-04";"EG3M";"-0.092"
"2014-05";"EG3M";"-0.108"
"2014-06";"EG3M";"-0.134"
"2014-07";"EG3M";"-0.127"
"2014-08";"EG3M";"-0.04"
"2014-09";"EG3M";"-0.099"
"2014-10";"EG3M";"-0.107"
"2014-11";"EG3M";"-0.158"
"2014-12";"EG3M";"-0.356"
"2015-01";"EG3M";"-1.101"
"2015-02";"EG3M";"-1.101"
"2015-03";"EG3M";"-1.042"
"2015-04";"EG3M";"-1.152"
"2015-05";"EG3M";"-1.101"
"2015-06";"EG3M";"-1.05"
"2015-07";"EG3M";"-0.908"
"2015-08";"EG3M";"-0.908"
"2015-09";"EG3M";"-0.841"
"2015-10";"EG3M";"-0.951"
"2015-11";"EG3M";"-1.27"
"2015-12";"EG3M";"-0.924"
"2016-01";"EG3M";"-0.841"
"2016-02";"EG3M";"-0.892"
"2016-03";"EG3M";"-0.849"
"2016-04";"EG3M";"-0.924"
"2016-05";"EG3M";"-0.951"
"2016-06";"EG3M";"-1.101"
"2016-07";"EG3M";"-1.101"
"2016-08";"EG3M";"-1.12"
"2016-09";"EG3M";"-1.05"
"2016-10";"EG3M";"-1.116"
"2016-11";"EG3M";"-1.05"
"2016-12";"EG3M";"-0.912"
"2017-01";"EG3M";"-0.88"
"2017-02";"EG3M";"-0.892"
"2017-03";"EG3M";"-0.912"
"2017-04";"EG3M";"-0.943"
"2017-05";"EG3M";"-0.9"
"2017-06";"EG3M";"-0.939"
"2017-07";"EG3M";"-0.9"
"2017-08";"EG3M";"-0.916"
"2017-09";"EG3M";"-0.92"
"2017-10";"EG3M";"-0.967"
"2017-11";"EG3M";"-1.01"
"2017-12";"EG3M";"-1.05"
"2018-01";"EG3M";"-0.884"
"2018-02";"EG3M";"-0.892"
"2018-03";"EG3M";"-0.92"
"2018-04";"EG3M";"-0.849"
"2018-05";"EG3M";"-0.853"
"2018-06";"EG3M";"-0.864"
"2018-07";"EG3M";"-0.854"
"2018-08";"EG3M";"-0.849"
"2018-09";"EG3M";"-0.841"
"2018-10";"EG3M";"-0.951"
"2018-11";"EG3M";"-0.987"
"2018-12";"EG3M";"-0.979"
"2019-01";"EG3M";"-0.766"
"2019-02";"EG3M";"-0.781"
"2019-03";"EG3M";"-0.778"
"2019-04";"EG3M";"-0.801"
"2019-05";"EG3M";"-0.806"
"2019-06";"EG3M";"-0.801"
"2019-07";"EG3M";"-0.918"
"2019-08";"EG3M";"-0.951"
"2019-09";"EG3M";"-0.801"
"2019-10";"EG3M";"-0.924"
"2019-11";"EG3M";"-0.829"
"2019-12";"EG3M";"-0.751"
"2020-01";"EG3M";"-0.762"
"2020-02";"EG3M";"-0.762"
"2020-03";"EG3M";"-0.75"
"2020-04";"EG3M";"-0.719"
"2020-05";"EG3M";"-0.734"
"2020-06";"EG3M";"-0.734"
"2020-07";"EG3M";"-0.738"
"2020-08";"EG3M";"-0.746"
"2020-09";"EG3M";"-0.746"
"2020-10";"EG3M";"-0.79"
"2020-11";"EG3M";"-0.805"
"2020-12";"EG3M";"-0.782"
"2021-01";"EG3M";"-0.774"
"2021-02";"EG3M";"-0.758"
"2021-03";"EG3M";"-0.766"
"2021-04";"EG3M";"-0.778"
"2021-05";"EG3M";"-0.774"
"2021-06";"EG3M";"-0.77"
"2021-07";"EG3M";"-0.782"
"2021-08";"EG3M";"-0.77"
"2021-09";"EG3M";"-0.75"
"2021-10";"EG3M";"-0.801"
"2021-11";"EG3M";"-0.849"
"2021-12";"EG3M";"-0.813"
"2022-01";"EG3M";"-0.79"
"2022-02";"EG3M";"-0.765"
"2022-03";"EG3M";"-0.782"
"2022-04";"EG3M";"-0.75"
"2022-05";"EG3M";"-0.75"
"2022-06";"EG3M";"-0.245"
"2022-07";"EG3M";"-0.079"
"2022-08";"EG3M";"0"
"2022-09";"EG3M";"0.495"
"2022-10";"EG3M";"0.432"
"2022-11";"EG3M";"0.491"
"2022-12";"EG3M";"0.868"
"2023-01";"EG3M";"1.131"
"2023-02";"EG3M";"1.186"
"2023-03";"EG3M";"1.091"
"2023-04";"EG3M";"1.306"
"2023-05";"EG3M";"1.441"
"2023-06";"EG3M";"1.649"
"2023-07";"EG3M";"1.696"
"2023-08";"EG3M";"1.728"
"2023-09";"EG3M";"1.792"
"2023-10";"EG3M";"1.569"
"2023-11";"EG3M";"1.609"
"2023-12";"EG3M";"1.677"
"2024-01";"EG3M";"1.625"
"2024-02";"EG3M";"1.573"
"2024-03";"EG3M";"1.589"
"2024-04";"EG3M";"1.307"
"2024-05";"EG3M";"1.298"
"2024-06";"EG3M";"1.234"
"2024-07";"EG3M";"1.079"
"2024-08";"EG3M";"0.888"
"2024-09";"EG3M";"0.84"
"2024-10";"EG3M";"0.678"
"2024-11";"EG3M";"0.559"
"2024-12";"EG3M";"0.352"
"2025-01";"EG3M";"0.157"
"2025-02";"EG3M";"0.2"
"2025-03";"EG3M";"0.178"
"2025-04";"EG3M";"-0.008"
"2025-05";"EG3M";"-0.092"
"2025-06";"EG3M";"-0.138"
"2025-07";"EG3M";"-0.249"
"2025-08";"EG3M";"-0.083"
"2025-09";"EG3M";"-0.091"
"2025-10";"EG3M";"-0.115"
"2025-11";"EG3M";"-0.059"
"2025-12";"EG3M";"-0.041"
"2026-01";"EG3M";"-0.047"
"2026-02";"EG3M";"-0.075"
"2026-03";"EG3M";"-0.051"
"2026-04";"EG3M";"-0.055"
"2026-05";"EG3M";"-0.087"
"2026-06";"EG3M";"-0.071"
"2026-07";"EG3M";"-0.079"
"2026-08";"EG3M";"-0.083"
"2026-09";"EG3M";"-0.047"
