reference_period,source_identifier,value
1907,Historical time series 4/Table 1.1/discount/end-year,5.500
1908,Historical time series 4/Table 1.1/discount/end-year,3.500
1909,Historical time series 4/Table 1.1/discount/end-year,4.000
1910,Historical time series 4/Table 1.1/discount/end-year,4.500
1911,Historical time series 4/Table 1.1/discount/end-year,4.000
1912,Historical time series 4/Table 1.1/discount/end-year,5.000
1913,Historical time series 4/Table 1.1/discount/end-year,4.500
1914,Historical time series 4/Table 1.1/discount/end-year,5.000
1915,Historical time series 4/Table 1.1/discount/end-year,4.500
1916,Historical time series 4/Table 1.1/discount/end-year,4.500
1917,Historical time series 4/Table 1.1/discount/end-year,4.500
1918,Historical time series 4/Table 1.1/discount/end-year,5.500
1919,Historical time series 4/Table 1.1/discount/end-year,5.000
1920,Historical time series 4/Table 1.1/discount/end-year,5.000
1921,Historical time series 4/Table 1.1/discount/end-year,4.000
1922,Historical time series 4/Table 1.1/discount/end-year,3.000
1923,Historical time series 4/Table 1.1/discount/end-year,4.000
1924,Historical time series 4/Table 1.1/discount/end-year,4.000
1925,Historical time series 4/Table 1.1/discount/end-year,3.500
1926,Historical time series 4/Table 1.1/discount/end-year,3.500
1927,Historical time series 4/Table 1.1/discount/end-year,3.500
1928,Historical time series 4/Table 1.1/discount/end-year,3.500
1929,Historical time series 4/Table 1.1/discount/end-year,3.500
1930,Historical time series 4/Table 1.1/discount/end-year,2.500
1931,Historical time series 4/Table 1.1/discount/end-year,2.000
1932,Historical time series 4/Table 1.1/discount/end-year,2.000
1933,Historical time series 4/Table 1.1/discount/end-year,2.000
1934,Historical time series 4/Table 1.1/discount/end-year,2.000
1935,Historical time series 4/Table 1.1/discount/end-year,2.500
1936,Historical time series 4/Table 1.1/discount/end-year,1.500
1937,Historical time series 4/Table 1.1/discount/end-year,1.500
1938,Historical time series 4/Table 1.1/discount/end-year,1.500
1939,Historical time series 4/Table 1.1/discount/end-year,1.500
1940,Historical time series 4/Table 1.1/discount/end-year,1.500
1941,Historical time series 4/Table 1.1/discount/end-year,1.500
1942,Historical time series 4/Table 1.1/discount/end-year,1.500
1943,Historical time series 4/Table 1.1/discount/end-year,1.500
1944,Historical time series 4/Table 1.1/discount/end-year,1.500
1945,Historical time series 4/Table 1.1/discount/end-year,1.500
1946,Historical time series 4/Table 1.1/discount/end-year,1.500
1947,Historical time series 4/Table 1.1/discount/end-year,1.500
1948,Historical time series 4/Table 1.1/discount/end-year,1.500
1949,Historical time series 4/Table 1.1/discount/end-year,1.500
1950,Historical time series 4/Table 1.1/discount/end-year,1.500
1951,Historical time series 4/Table 1.1/discount/end-year,1.500
1952,Historical time series 4/Table 1.1/discount/end-year,1.500
1953,Historical time series 4/Table 1.1/discount/end-year,1.500
1954,Historical time series 4/Table 1.1/discount/end-year,1.500
1955,Historical time series 4/Table 1.1/discount/end-year,1.500
1956,Historical time series 4/Table 1.1/discount/end-year,1.500
1957,Historical time series 4/Table 1.1/discount/end-year,2.500
1958,Historical time series 4/Table 1.1/discount/end-year,2.500
1959,Historical time series 4/Table 1.1/discount/end-year,2.000
1960,Historical time series 4/Table 1.1/discount/end-year,2.000
1961,Historical time series 4/Table 1.1/discount/end-year,2.000
1962,Historical time series 4/Table 1.1/discount/end-year,2.000
1963,Historical time series 4/Table 1.1/discount/end-year,2.000
1964,Historical time series 4/Table 1.1/discount/end-year,2.500
1965,Historical time series 4/Table 1.1/discount/end-year,2.500
1966,Historical time series 4/Table 1.1/discount/end-year,3.500
1967,Historical time series 4/Table 1.1/discount/end-year,3.000
1968,Historical time series 4/Table 1.1/discount/end-year,3.000
1969,Historical time series 4/Table 1.1/discount/end-year,3.750
1970,Historical time series 4/Table 1.1/discount/end-year,3.750
1971,Historical time series 4/Table 1.1/discount/end-year,3.750
1972,Historical time series 4/Table 1.1/discount/end-year,3.750
1973,Historical time series 4/Table 1.1/discount/end-year,4.500
1974,Historical time series 4/Table 1.1/discount/end-year,5.500
1975,Historical time series 4/Table 1.1/discount/end-year,3.000
1976,Historical time series 4/Table 1.1/discount/end-year,2.000
1977,Historical time series 4/Table 1.1/discount/end-year,1.500
1978,Historical time series 4/Table 1.1/discount/end-year,1.000
1979,Historical time series 4/Table 1.1/discount/end-year,2.000
1980,Historical time series 4/Table 1.1/discount/end-year,3.000
1981,Historical time series 4/Table 1.1/discount/end-year,6.000
1982,Historical time series 4/Table 1.1/discount/end-year,4.500
1983,Historical time series 4/Table 1.1/discount/end-year,4.000
1984,Historical time series 4/Table 1.1/discount/end-year,4.000
1985,Historical time series 4/Table 1.1/discount/end-year,4.000
1986,Historical time series 4/Table 1.1/discount/end-year,4.000
1987,Historical time series 4/Table 1.1/discount/end-year,2.500
1988,Historical time series 4/Table 1.1/discount/end-year,3.500
1989,Historical time series 4/Table 1.1/discount/end-year,6.000
1990,Historical time series 4/Table 1.1/discount/end-year,6.000
1991,Historical time series 4/Table 1.1/discount/end-year,7.000
1992,Historical time series 4/Table 1.1/discount/end-year,6.000
1993,Historical time series 4/Table 1.1/discount/end-year,4.000
1994,Historical time series 4/Table 1.1/discount/end-year,3.500
1995,Historical time series 4/Table 1.1/discount/end-year,1.500
1996,Historical time series 4/Table 1.1/discount/end-year,1.000
1997,Historical time series 4/Table 1.1/discount/end-year,1.000
1998,Historical time series 4/Table 1.1/discount/end-year,1.000
